﻿pos_x,pos_y,rotation,side,designator,mpn,pack,value,mount_type,place
41.003,25.3196,0.0,top,C1,,C_0603_1608Metric,100nF,smt,True
41.13,7.692,-90.0,top,C2,,C_0805_2012Metric,10uF,smt,True
41.0284,38.5784,180.0,top,C3,,C_0603_1608Metric,100nF,smt,True
12.9614,7.5396,180.0,top,C4,,C_0603_1608Metric,100nF,smt,True
42.908,20.392,0.0,top,C5,,C_0805_2012Metric,100uF,smt,True
30.716,18.671,-90.0,top,C6,,C_0603_1608Metric,1uF,smt,True
14.183,27.936,0.0,top,D1,,LED_0402_1005Metric,VLMO1500-GS08,smt,True
34.272,40.515,180.0,top,D11,,D_SOD-123,CGRM4007-G,smt,True
34.272,43.76,0.0,top,D12,,D_SOD-123,CGRM4007-G,smt,True
55.1,30.552,-90.0,top,D13,,D_SOD-123,CGRM4007-G,smt,True
49.766,30.552,-90.0,top,D14,,D_SOD-123,CGRM4007-G,smt,True
44.94,10.232,-90.0,top,D15,,D_SOD-123,CGRM4007-G,smt,True
6.586,33.657,180.0,top,D16,,D_SOD-123,CGRM4007-G,smt,True
14.206,26.412,0.0,top,D17,,LED_0402_1005Metric,VLMO1500-GS08,smt,True
14.206,29.79,180.0,top,D2,,LED_0402_1005Metric,VLMO1500-GS08,smt,True
14.183,31.238,0.0,top,D3,,LED_0402_1005Metric,VLMO1500-GS08,smt,True
14.206,33.016,0.0,top,D4,,LED_0402_1005Metric,VLMO1500-GS08,smt,True
34.204,5.5,180.0,top,D7,,D_SOD-123,CGRM4007-G,smt,True
34.33,9.31,180.0,top,D8,,D_SOD-123,CGRM4007-G,smt,True
6.63,6.35,0.0,top,H1,,MountingHole_3.5mm_Pad,MountingHole_Pad,tht,True
6.63,41.71,0.0,top,H2,,MountingHole_3.5mm_Pad,MountingHole_Pad,tht,True
52.24,41.71,0.0,top,H3,,MountingHole_3.5mm_Pad,MountingHole_Pad,tht,True
52.24,6.35,0.0,top,H4,,MountingHole_3.5mm_Pad,MountingHole_Pad,tht,True
33.042,22.766,90.0,bottom,J1,,ATM1508PABM02,ATM15-08PA-BM02,tht,True
33.51,18.925,0.0,top,Q1,,ZXTR2105F-7,ZXTR2105F-7,smt,True
14.8895,36.902,180.0,top,Q2,,SOT-23,DDTC124XCA-7-F,smt,True
9.634,14.476,-90.0,top,R1,,TRIM_TC33X-2-103E,TC33X-2-103E,smt,True
24.874,15.308,90.0,top,R10,,R_0402_1005Metric,330,smt,True
14.968,13.792,90.0,top,R13,,R_0402_1005Metric,10k,smt,True
13.948,3.0145,0.0,top,R14,,R_0402_1005Metric,10k,smt,True
36.558,36.906,-90.0,top,R15,,R_0402_1005Metric,11.3k,smt,True
38.59,36.902,90.0,top,R16,,R_0402_1005Metric,102k,smt,True
39.348,22.227,180.0,top,R17,,R_0402_1005Metric,10k,smt,True
39.3774,23.44,0.0,top,R18,,R_0402_1005Metric,12k,smt,True
38.4122,7.3364,90.0,top,R19,,R_0402_1005Metric,10k,smt,True
38.586,21.154,0.0,top,R22,,R_0402_1005Metric,10k,smt,True
28.43,42.039,-90.0,top,R23,,R_0402_1005Metric,1k,smt,True
41.4856,36.6734,-90.0,top,R24,,R_0402_1005Metric,39k,smt,True
40.2664,36.6734,90.0,top,R25,,R_0402_1005Metric,68k,smt,True
18.651,37.4354,-90.0,top,R27,,R_0402_1005Metric,1k,smt,True
19.8448,1.7738,90.0,top,R4,,R_0402_1005Metric,100k,smt,True
17.3048,1.723,90.0,top,R5,,R_0402_1005Metric,100k,smt,True
3.3,14.476,-90.0,top,R6,,TRIM_TC33X-2-103E,TC33X-2-103E,smt,True
13.825,13.7626,90.0,top,R7,,R_0402_1005Metric,330,smt,True
13.963,1.9516,0.0,top,R8,,R_0402_1005Metric,330,smt,True
30.208,7.713,90.0,top,R9,,R_0402_1005Metric,330,smt,True
9.634,19.81,0.0,top,TP1,,TestPoint_Plated_Hole_D2.0mm,TREF-Test,tht,True
3.3,20.064,0.0,top,TP2,,TestPoint_Plated_Hole_D2.0mm,BREF-Test,tht,True
18.524,7.184,0.0,top,U1,,SOP65P640X120-14N,MCP6004,smt,True
40.1394,30.0756,90.0,top,U3,,SOP65P640X120-14N,MCP6004,smt,True
6.586,31.371,180.0,bottom,U4,,UB2-5NUN,UB2-5NUN,smt,True
