[{"pos_x": 24.362, "pos_y": 19.433, "rotation": 180.0, "side": "top", "designator": "R15", "mpn": null, "pack": "R_01005_0402Metric", "value": "11.3k", "mount_type": "smt", "place": true}, {"pos_x": 36.35, "pos_y": 7.222, "rotation": 90.0, "side": "top", "designator": "R5", "mpn": null, "pack": "R_01005_0402Metric", "value": "100k", "mount_type": "smt", "place": true}, {"pos_x": 37.574, "pos_y": 28.831, "rotation": -90.0, "side": "top", "designator": "R12", "mpn": null, "pack": "R_01005_0402Metric", "value": "330", "mount_type": "smt", "place": true}, {"pos_x": 14.08, "pos_y": 6.698, "rotation": -90.0, "side": "top", "designator": "R25", "mpn": null, "pack": "R_01005_0402Metric", "value": "68k", "mount_type": "smt", "place": true}, {"pos_x": 26.93, "pos_y": 5.455, "rotation": -90.0, "side": "top", "designator": "C1", "mpn": null, "pack": "C_0201_0603Metric", "value": "100nF", "mount_type": "smt", "place": true}, {"pos_x": 6.586, "pos_y": 33.657, "rotation": 180.0, "side": "top", "designator": "D16", "mpn": null, "pack": "D_SOD-123", "value": "CGRM4007-G", "mount_type": "smt", "place": true}, {"pos_x": 20.895, "pos_y": 2.44, "rotation": 180.0, "side": "top", "designator": "R18", "mpn": null, "pack": "R_01005_0402Metric", "value": "12k", "mount_type": "smt", "place": true}, {"pos_x": 24.362, "pos_y": 17.909, "rotation": 0.0, "side": "top", "designator": "R16", "mpn": null, "pack": "R_01005_0402Metric", "value": "102k", "mount_type": "smt", "place": true}, {"pos_x": 45.6, "pos_y": 5.79, "rotation": -90.0, "side": "top", "designator": "C2", "mpn": null, "pack": "C_0805_2012Metric", "value": "10uF", "mount_type": "smt", "place": true}, {"pos_x": 15.014, "pos_y": 11.794, "rotation": -90.0, "side": "top", "designator": "D12", "mpn": null, "pack": "D_SOD-123", "value": "CGRM4007-G", "mount_type": "smt", "place": true}, {"pos_x": 27.92, "pos_y": 10.26, "rotation": 180.0, "side": "top", "designator": "R13", "mpn": null, "pack": "R_01005_0402Metric", "value": "10k", "mount_type": "smt", "place": true}, {"pos_x": 26.13, "pos_y": 13.17, "rotation": 0.0, "side": "top", "designator": "C5", "mpn": null, "pack": "C_0805_2012Metric", "value": "100uF", "mount_type": "smt", "place": true}, {"pos_x": 12.92, "pos_y": 6.718, "rotation": 90.0, "side": "top", "designator": "R24", "mpn": null, "pack": "R_01005_0402Metric", "value": "39k", "mount_type": "smt", "place": true}, {"pos_x": 34.34, "pos_y": 2.85125, "rotation": 0.0, "side": "top", "designator": "R9", "mpn": null, "pack": "R_01005_0402Metric", "value": "330", "mount_type": "smt", "place": true}, {"pos_x": 52.24, "pos_y": 41.71, "rotation": 0.0, "side": "top", "designator": "H3", "mpn": null, "pack": "MountingHole_3.5mm_Pad", "value": "MountingHole_Pad", "mount_type": "tht", "place": true}, {"pos_x": 22.5, "pos_y": 3.27, "rotation": 180.0, "side": "top", "designator": "R22", "mpn": null, "pack": "R_01005_0402Metric", "value": "10k", "mount_type": "smt", "place": true}, {"pos_x": 9.38, "pos_y": 19.687, "rotation": 0.0, "side": "top", "designator": "TP2", "mpn": null, "pack": "TestPoint_Plated_Hole_D2.0mm", "value": "BREF-Test", "mount_type": "tht", "place": true}, {"pos_x": 38.59, "pos_y": 28.831, "rotation": -90.0, "side": "top", "designator": "D6", "mpn": null, "pack": "LED_0402_1005Metric", "value": "LED", "mount_type": "smt", "place": true}, {"pos_x": 46.501, "pos_y": 28.454, "rotation": 180.0, "side": "top", "designator": "D5", "mpn": null, "pack": "LED_0402_1005Metric", "value": "LED", "mount_type": "smt", "place": true}, {"pos_x": 40.61, "pos_y": 4.52, "rotation": 180.0, "side": "top", "designator": "D7", "mpn": null, "pack": "D_SOD-123", "value": "CGRM4007-G", "mount_type": "smt", "place": true}, {"pos_x": 53.13, "pos_y": 30.26, "rotation": -90.0, "side": "top", "designator": "D10", "mpn": null, "pack": "D_SOD-123", "value": "CGRM4007-G", "mount_type": "smt", "place": true}, {"pos_x": 28.95, "pos_y": 19.35, "rotation": 0.0, "side": "top", "designator": "Q1", "mpn": null, "pack": "ZXTR2105F-7", "value": "ZXTR2105F-7", "mount_type": "tht", "place": true}, {"pos_x": 31.27, "pos_y": 6.46, "rotation": 0.0, "side": "top", "designator": "U1", "mpn": null, "pack": "SOP65P640X120-14N", "value": "MCP6004", "mount_type": "tht", "place": true}, {"pos_x": 52.24, "pos_y": 6.35, "rotation": 0.0, "side": "top", "designator": "H4", "mpn": null, "pack": "MountingHole_3.5mm_Pad", "value": "MountingHole_Pad", "mount_type": "tht", "place": true}, {"pos_x": 3.538, "pos_y": 19.433, "rotation": 0.0, "side": "top", "designator": "TP1", "mpn": null, "pack": "TestPoint_Plated_Hole_D2.0mm", "value": "TREF-Test", "mount_type": "tht", "place": true}, {"pos_x": 40.61, "pos_y": 8.4, "rotation": 180.0, "side": "top", "designator": "D8", "mpn": null, "pack": "D_SOD-123", "value": "CGRM4007-G", "mount_type": "smt", "place": true}, {"pos_x": 6.63, "pos_y": 6.35, "rotation": 0.0, "side": "top", "designator": "H1", "mpn": null, "pack": "MountingHole_3.5mm_Pad", "value": "MountingHole_Pad", "mount_type": "tht", "place": true}, {"pos_x": 9.38, "pos_y": 14.099, "rotation": -90.0, "side": "top", "designator": "R6", "mpn": null, "pack": "TRIM_TC33X-2-103E", "value": "TC33X-2-103E", "mount_type": "tht", "place": true}, {"pos_x": 13.19, "pos_y": 35.435, "rotation": 180.0, "side": "top", "designator": "Q2", "mpn": null, "pack": "SOT-23", "value": "DDTC124XCA-7-F", "mount_type": "smt", "place": true}, {"pos_x": 41.45, "pos_y": 32.39, "rotation": 0.0, "side": "top", "designator": "U2", "mpn": null, "pack": "SOP65P640X120-14N", "value": "MCP6004", "mount_type": "tht", "place": true}, {"pos_x": 18.27, "pos_y": 35.689, "rotation": 180.0, "side": "top", "designator": "D17", "mpn": null, "pack": "LED_0402_1005Metric", "value": "E-Throttle", "mount_type": "smt", "place": true}, {"pos_x": 30.755, "pos_y": 29.28, "rotation": 0.0, "side": "top", "designator": "R2", "mpn": null, "pack": "R_01005_0402Metric", "value": "100k", "mount_type": "smt", "place": true}, {"pos_x": 22.66, "pos_y": 11.91, "rotation": -90.0, "side": "top", "designator": "D11", "mpn": null, "pack": "D_SOD-123", "value": "CGRM4007-G", "mount_type": "smt", "place": true}, {"pos_x": 45.956, "pos_y": 29.847, "rotation": 180.0, "side": "top", "designator": "R11", "mpn": null, "pack": "R_01005_0402Metric", "value": "330", "mount_type": "smt", "place": true}, {"pos_x": 28.63, "pos_y": 22.15, "rotation": 180.0, "side": "top", "designator": "C6", "mpn": null, "pack": "C_0201_0603Metric", "value": "1uF", "mount_type": "smt", "place": true}, {"pos_x": 37.066, "pos_y": 32.33, "rotation": 180.0, "side": "top", "designator": "C3", "mpn": null, "pack": "C_0201_0603Metric", "value": "100nF", "mount_type": "smt", "place": true}, {"pos_x": 35.7, "pos_y": 9.805, "rotation": -90.0, "side": "top", "designator": "D4", "mpn": null, "pack": "LED_0402_1005Metric", "value": "LED", "mount_type": "smt", "place": true}, {"pos_x": 3.538, "pos_y": 14.099, "rotation": -90.0, "side": "top", "designator": "R1", "mpn": null, "pack": "TRIM_TC33X-2-103E", "value": "TC33X-2-103E", "mount_type": "tht", "place": true}, {"pos_x": 16.792, "pos_y": 12.306, "rotation": -90.0, "side": "top", "designator": "R23", "mpn": null, "pack": "R_01005_0402Metric", "value": "1k", "mount_type": "smt", "place": true}, {"pos_x": 30.11, "pos_y": 16.8825, "rotation": 0.0, "side": "top", "designator": "R20", "mpn": null, "pack": "R_01005_0402Metric", "value": "102k", "mount_type": "smt", "place": true}, {"pos_x": 36.35, "pos_y": 5.698, "rotation": -90.0, "side": "top", "designator": "R4", "mpn": null, "pack": "R_01005_0402Metric", "value": "100k", "mount_type": "smt", "place": true}, {"pos_x": 49.576, "pos_y": 30.274, "rotation": -90.0, "side": "top", "designator": "D9", "mpn": null, "pack": "D_SOD-123", "value": "CGRM4007-G", "mount_type": "smt", "place": true}, {"pos_x": 43.8, "pos_y": 6.51, "rotation": 90.0, "side": "top", "designator": "R19", "mpn": null, "pack": "R_01005_0402Metric", "value": "10k", "mount_type": "smt", "place": true}, {"pos_x": 30.125, "pos_y": 15.8625, "rotation": 180.0, "side": "top", "designator": "R21", "mpn": null, "pack": "R_01005_0402Metric", "value": "11.3k", "mount_type": "smt", "place": true}, {"pos_x": 27.925, "pos_y": 9.47, "rotation": 180.0, "side": "top", "designator": "R7", "mpn": null, "pack": "R_01005_0402Metric", "value": "330", "mount_type": "smt", "place": true}, {"pos_x": 26.59, "pos_y": 9.96, "rotation": -90.0, "side": "top", "designator": "D1", "mpn": null, "pack": "LED_0402_1005Metric", "value": "LED", "mount_type": "smt", "place": true}, {"pos_x": 30.75, "pos_y": 28.0, "rotation": 0.0, "side": "top", "designator": "R3", "mpn": null, "pack": "R_01005_0402Metric", "value": "100k", "mount_type": "smt", "place": true}, {"pos_x": 34.33, "pos_y": 9.31, "rotation": 0.0, "side": "top", "designator": "R10", "mpn": null, "pack": "R_01005_0402Metric", "value": "330", "mount_type": "smt", "place": true}, {"pos_x": 28.2, "pos_y": 3.75, "rotation": 180.0, "side": "top", "designator": "R8", "mpn": null, "pack": "R_01005_0402Metric", "value": "330", "mount_type": "smt", "place": true}, {"pos_x": 28.215, "pos_y": 2.93, "rotation": 180.0, "side": "top", "designator": "R14", "mpn": null, "pack": "R_01005_0402Metric", "value": "10k", "mount_type": "smt", "place": true}, {"pos_x": 20.9, "pos_y": 3.29, "rotation": 0.0, "side": "top", "designator": "R17", "mpn": null, "pack": "R_01005_0402Metric", "value": "10k", "mount_type": "smt", "place": true}, {"pos_x": 6.63, "pos_y": 41.71, "rotation": 0.0, "side": "top", "designator": "H2", "mpn": null, "pack": "MountingHole_3.5mm_Pad", "value": "MountingHole_Pad", "mount_type": "tht", "place": true}, {"pos_x": 16.238, "pos_y": 35.689, "rotation": 0.0, "side": "top", "designator": "R27", "mpn": null, "pack": "R_01005_0402Metric", "value": "1k", "mount_type": "smt", "place": true}, {"pos_x": 45.84, "pos_y": 22.98, "rotation": -90.0, "side": "top", "designator": "D14", "mpn": null, "pack": "D_SOD-123", "value": "CGRM4007-G", "mount_type": "smt", "place": true}, {"pos_x": 25.174, "pos_y": 7.222, "rotation": 0.0, "side": "top", "designator": "C4", "mpn": null, "pack": "C_0201_0603Metric", "value": "100nF", "mount_type": "smt", "place": true}, {"pos_x": 50.01, "pos_y": 35.01, "rotation": 180.0, "side": "top", "designator": "D13", "mpn": null, "pack": "D_SOD-123", "value": "CGRM4007-G", "mount_type": "smt", "place": true}, {"pos_x": 26.78, "pos_y": 3.26, "rotation": 90.0, "side": "top", "designator": "D2", "mpn": null, "pack": "LED_0402_1005Metric", "value": "LED", "mount_type": "smt", "place": true}, {"pos_x": 35.65, "pos_y": 2.93375, "rotation": -90.0, "side": "top", "designator": "D3", "mpn": null, "pack": "LED_0402_1005Metric", "value": "LED", "mount_type": "smt", "place": true}, {"pos_x": 20.05, "pos_y": 6.42, "rotation": 180.0, "side": "top", "designator": "U3", "mpn": null, "pack": "SOP65P640X120-14N", "value": "MCP6004", "mount_type": "tht", "place": true}, {"pos_x": 6.586, "pos_y": 31.371, "rotation": 180.0, "side": "bottom", "designator": "U4", "mpn": null, "pack": "UB2-5NUN", "value": "UB2-5NUN", "mount_type": "tht", "place": true}, {"pos_x": 33.042, "pos_y": 22.766, "rotation": 90.0, "side": "bottom", "designator": "J1", "mpn": null, "pack": "ATM1508PABM02", "value": "ATM15-08PA-BM02", "mount_type": "tht", "place": true}]