﻿designator,quantity,value,pack,mpn,mount_type
"C1, C3, C4",3,100nF,C_0603_1608Metric,,smt
C2,1,10uF,C_0805_2012Metric,,smt
C5,1,100uF,C_0805_2012Metric,,smt
C6,1,1uF,C_0603_1608Metric,,smt
"D1, D17, D2, D3, D4",5,VLMO1500-GS08,LED_0402_1005Metric,,smt
"D11, D12, D13, D14, D15, D16, D7, D8",8,CGRM4007-G,D_SOD-123,,smt
"H1, H2, H3, H4",4,MountingHole_Pad,MountingHole_3.5mm_Pad,,tht
J1,1,ATM15-08PA-BM02,ATM1508PABM02,,tht
Q1,1,ZXTR2105F-7,ZXTR2105F-7,,smt
Q2,1,DDTC124XCA-7-F,SOT-23,,smt
"R1, R6",2,TC33X-2-103E,TRIM_TC33X-2-103E,,smt
"R10, R7, R8, R9",4,330,R_0402_1005Metric,,smt
"R13, R14, R17, R19, R22",5,10k,R_0402_1005Metric,,smt
R15,1,11.3k,R_0402_1005Metric,,smt
R16,1,102k,R_0402_1005Metric,,smt
R18,1,12k,R_0402_1005Metric,,smt
"R23, R27",2,1k,R_0402_1005Metric,,smt
R24,1,39k,R_0402_1005Metric,,smt
R25,1,68k,R_0402_1005Metric,,smt
"R4, R5",2,100k,R_0402_1005Metric,,smt
TP1,1,TREF-Test,TestPoint_Plated_Hole_D2.0mm,,tht
TP2,1,BREF-Test,TestPoint_Plated_Hole_D2.0mm,,tht
"U1, U3",2,MCP6004,SOP65P640X120-14N,,smt
U4,1,UB2-5NUN,UB2-5NUN,,smt
